"",DB,subject,mode,classifier,confusion_matrix,predictions,accuracy,f1,precision,recall,specificity,fpr_hour,PR-AUC,AUC,SOP
0,chbmit,01,detection,"LogisticRegression(class_weight='balanced', max_iter=1200)","[[ 2130  4273]
 [11110 32862]]",[0 0 0 ... 0 0 0],0.6946302729528536,0.8103369622843897,0.8849333512858489,0.7473392158646411,0.332656567234109,61.07315136476427,0.9213796470949573,0.539997891549375,
1,chbmit,08,detection,"LogisticRegression(class_weight='balanced', max_iter=1200)","[[1910  245]
 [3684 5795]]",[1 0 0 ... 0 0 1],0.662282963727007,0.7468264707777563,0.9594370860927153,0.611351408376411,0.8863109048723898,15.162454873646208,0.9164316326554299,0.7488311566244004,
2,chbmit,16,detection,"LogisticRegression(class_weight='balanced', max_iter=1200)","[[1867 1487]
 [ 833 2067]]",[0 1 0 ... 1 0 1],0.6290374160537257,0.640533002788968,0.5815981992121553,0.7127586206896551,0.5566487775790101,171.19283658458585,0.590682306297816,0.6347036991343327,
3,chbmit,12,detection,"LogisticRegression(class_weight='balanced', max_iter=1200)","[[7727   97]
 [7805  420]]",[0 0 0 ... 0 0 0],0.5076328743223877,0.09608785175017158,0.8123791102514507,0.05106382978723404,0.9876022494887525,4.351673001433111,0.5911102334764211,0.5193330396379934,
4,chbmit,03,detection,"LogisticRegression(class_weight='balanced', max_iter=1200)","[[ 3291   162]
 [21805   562]]",[0 0 0 ... 0 0 0],0.14922540666150272,0.04867697371270192,0.7762430939226519,0.025126302141547815,0.9530842745438749,4.517428350116188,0.8318355237481643,0.48910528834271133,
5,chbmit,14,detection,"LogisticRegression(class_weight='balanced', max_iter=1200)","[[2744 1265]
 [9674 2598]]",[0 0 1 ... 1 1 0],0.32811252380074934,0.32203284784629693,0.6725342997670205,0.21170143415906129,0.6844599650785732,55.94250967385295,0.701612750761436,0.44808069961881725,
6,chbmit,06,detection,"LogisticRegression(class_weight='balanced', max_iter=1200)","[[13896  2010]
 [28008  1426]]",[1 0 0 ... 0 0 0],0.33793559770621967,0.08676604806814724,0.4150174621653085,0.048447373785418225,0.8736325914749151,31.91883546537274,0.5965634555844423,0.4610399826301667,
7,chbmit,24,detection,"LogisticRegression(class_weight='balanced', max_iter=1200)","[[4401 3416]
 [2508 3568]]",[1 1 1 ... 1 1 1],0.5735982149283811,0.5464012251148544,0.5108820160366552,0.587228439763002,0.5630037098631189,177.03303822068668,0.4530055864836179,0.5751160748130605,
8,chbmit,23,detection,"LogisticRegression(class_weight='balanced', max_iter=1200)","[[1935 2887]
 [8103 4117]]",[1 0 1 ... 0 1 0],0.3551226381880061,0.4283187682064087,0.5878069674471731,0.33690671031096564,0.4012857735379511,121.97159957751438,0.6485796727253148,0.36909624192445833,
9,chbmit,05,detection,"LogisticRegression(class_weight='balanced', max_iter=1200)","[[1545 1243]
 [8351 8301]]",[1 1 1 ... 0 0 1],0.5064814814814815,0.6337608795235914,0.8697611064543168,0.4984986788373769,0.5541606886657102,46.03703703703704,0.8707192596593919,0.5263296837515435,
10,chbmit,20,detection,"LogisticRegression(class_weight='balanced', max_iter=1200)","[[2629  311]
 [1207 8228]]",[1 1 0 ... 0 0 0],0.8773333333333333,0.9155446756425948,0.9635788734043799,0.872072072072072,0.89421768707483,18.094545454545454,0.9785179576221555,0.883144879573451,
11,chbmit,15,detection,"LogisticRegression(class_weight='balanced', max_iter=1200)","[[ 1439  7540]
 [ 2219 11128]]",[1 1 1 ... 1 1 1],0.5628863208814835,0.6951741371232235,0.596100278551532,0.8337454109537724,0.16026283550506737,243.1604407417361,0.5621339273600083,0.4970041232294199,
12,chbmit,13,detection,"LogisticRegression(class_weight='balanced', max_iter=1200)","[[ 794 3951]
 [1683 4891]]",[0 0 0 ... 1 1 1],0.5022528491916247,0.6345355474831343,0.5531553947070799,0.7439914815941588,0.1673340358271865,251.3225549960244,0.5941705064305315,0.4556627587106727,
13,chbmit,18,detection,"LogisticRegression(class_weight='balanced', max_iter=1200)","[[ 807 2362]
 [ 164 1326]]",[0 0 0 ... 1 0 0],0.4578235672891178,0.5121668597914253,0.35954446854663774,0.8899328859060402,0.25465446513095613,365.0225370251127,0.3266119828642713,0.5722936755184982,
14,chbmit,10,detection,"LogisticRegression(class_weight='balanced', max_iter=1200)","[[1204 7359]
 [ 361 4047]]",[1 0 0 ... 1 1 1],0.4048261506437437,0.5118249652206905,0.3548132561809574,0.9181034482758621,0.1406049281793764,408.4866240074011,0.4938138376998813,0.5293541882276193,
0,siena,00,detection,"LogisticRegression(class_weight='balanced', max_iter=1200)","[[1089   65]
 [   8   22]]",[0 0 0 ... 0 0 0],0.9383445945945946,0.3760683760683761,0.25287356321839083,0.7333333333333333,0.9436741767764298,39.52702702702703,0.46564044427059365,0.8385037550548816,
1,siena,06,detection,"LogisticRegression(class_weight='balanced', max_iter=1200)","[[2879   78]
 [   7   17]]",[0 0 0 ... 0 0 0],0.9714860784971486,0.2857142857142857,0.17894736842105263,0.7083333333333334,0.9736219141021305,18.839315665883934,0.41111644473527936,0.840977623717732,
2,siena,10,detection,"LogisticRegression(class_weight='balanced', max_iter=1200)","[[8078   76]
 [  38   14]]",[1 1 1 ... 0 0 0],0.9861077260541068,0.19718309859154928,0.15555555555555556,0.2692307692307692,0.9906794211429973,6.668291494028759,0.12878196095117686,0.6299550951868833,
0,chbmit,01,prediction,"LogisticRegression(class_weight='balanced', max_iter=1200)","[[109  81]
 [288 194]]","[1 0 0 0 0 1 0 1 0 1 0 0 1 0 0 1 0 1 1 0 1 0 1 0 0 0 0 1 1 1 0 0 0 0 1 0 1
 1 1 0 0 0 1 1 1 1 0 0 0 1 1 1 1 0 1 0 0 1 0 0 0 0 0 1 1 1 0 0 0 1 1 1 1 1
 0 1 1 1 0 0 0 1 1 0 0 0 0 1 0 0 1 1 0 1 0 0 0 0 0 0 1 0 0 0 1 1 1 0 0 0 0
 0 0 0 0 0 0 0 0 1 1 0 1 1 0 1 1 0 0 0 1 0 1 0 0 0 0 1 0 1 1 0 0 0 0 0 1 0
 0 0 0 0 0 1 0 0 1 1 0 0 0 0 0 1 0 0 0 0 0 0 0 0 0 0 0 1 1 1 0 1 0 0 0 1 0
 1 1 0 1 1 0 1 1 1 1 1 0 1 1 1 0 0 0 0 1 0 0 0 0 1 1 1 0 0 0 0 0 1 1 0 1 0
 0 1 0 1 1 1 1 1 1 1 1 0 1 0 1 1 1 1 1 1 0 1 1 1 1 1 1 1 1 1 1 1 1 1 1 1 1
 1 0 0 1 1 0 1 1 1 1 1 0 1 1 1 1 1 1 1 1 1 1 1 0 0 0 0 0 0 1 0 0 1 1 1 1 0
 1 0 0 0 0 0 0 0 1 1 0 0 0 0 0 0 0 1 1 0 0 0 0 0 0 0 0 0 0 0 0 0 0 0 1 1 1
 1 1 0 0 0 0 1 0 0 0 0 1 0 0 0 0 1 1 1 0 1 0 0 0 1 1 1 0 1 1 0 0 1 1 1 1 1
 1 1 1 0 0 1 0 1 1 1 0 1 1 0 0 0 0 0 1 0 0 0 1 1 1 0 0 0 0 0 0 1 0 1 0 1 1
 1 1 1 1 1 1 1 1 1 1 0 0 1 1 1 1 0 0 0 0 1 0 0 0 0 0 0 0 0 0 0 0 0 0 0 0 0
 0 0 1 0 0 0 0 0 0 0 0 0 1 0 0 0 1 1 0 0 1 0 0 1 0 1 1 0 0 0 0 0 0 0 0 0 0
 0 0 1 0 0 0 1 0 0 1 0 0 1 1 0 0 0 0 0 0 1 0 0 0 1 0 0 0 0 0 0 0 0 0 0 0 0
 0 1 1 1 0 0 1 0 0 0 0 0 1 0 0 0 1 0 1 0 0 0 0 0 0 0 0 1 0 0 0 0 0 0 0 1 1
 1 1 0 0 0 0 0 0 1 0 0 0 0 1 0 0 0 0 0 0 0 1 1 0 0 0 0 1 0 0 0 0 0 1 1 1 0
 1 1 0 0 0 0 0 0 0 0 0 0 0 0 0 1 0 0 0 0 0 1 0 0 0 0 1 1 1 1 0 1 1 1 1 1 1
 1 1 1 0 0 1 1 1 1 1 1 1 0 0 1 1 1 1 0 0 0 0 1 0 0 1 1 0 1 1 0 1 0 0 0 0 0
 0 1 0 1 1 1]",0.45089285714285715,0.5125495376486129,0.7054545454545454,0.4024896265560166,0.5736842105263158,86.78571428571428,0.7195897629124322,0.48808691854116615,20.0
1,chbmit,05,prediction,"LogisticRegression(class_weight='balanced', max_iter=1200)","[[ 97  12]
 [208  33]]","[0 0 0 0 0 0 0 0 0 0 0 0 0 0 0 0 0 0 1 1 0 0 0 1 0 0 0 0 0 0 0 0 0 0 0 0 0
 0 0 0 0 1 1 0 0 0 0 0 0 0 0 1 1 0 0 0 1 0 0 0 0 0 0 0 0 1 0 0 0 0 1 0 0 0
 0 0 0 0 0 0 0 1 0 0 0 0 0 0 0 0 0 0 0 0 0 0 0 0 0 0 1 0 0 0 0 0 0 0 0 0 1
 0 0 0 0 0 0 0 0 0 0 0 0 0 0 0 0 0 0 0 0 0 0 0 0 0 0 0 0 0 0 0 0 0 0 0 0 0
 0 0 0 0 0 0 0 0 0 0 1 0 0 0 0 0 0 0 1 0 0 0 0 0 0 0 0 0 0 0 0 0 1 1 0 1 0
 0 0 0 0 1 0 0 0 0 0 0 0 0 1 0 1 0 1 0 0 0 0 1 0 1 0 1 0 0 1 1 0 0 0 0 0 0
 0 0 0 0 0 0 0 0 0 0 0 1 0 0 1 0 0 0 1 1 0 0 0 0 0 0 0 0 0 0 1 0 1 0 0 0 0
 0 0 0 0 0 0 1 0 0 0 0 0 0 0 0 0 0 0 0 0 0 0 0 0 0 0 0 1 0 0 0 0 0 0 1 0 0
 0 0 0 0 1 0 0 0 0 0 1 0 1 0 0 0 0 0 0 0 0 0 0 0 0 0 0 0 1 0 0 0 0 0 0 0 0
 0 0 1 0 0 0 1 0 0 0 1 1 1 0 0 0 0]",0.37142857142857144,0.23076923076923078,0.7333333333333333,0.13692946058091288,0.8899082568807339,24.685714285714287,0.6942167041459677,0.5134188587308234,20.0
2,chbmit,08,prediction,"LogisticRegression(class_weight='balanced', max_iter=1200)","[[ 88  91]
 [244 238]]","[1 1 0 1 0 0 1 1 1 1 1 0 1 1 1 1 0 1 1 1 1 1 1 1 1 0 1 1 1 1 1 1 0 1 1 0 1
 1 0 1 1 1 1 1 0 1 1 0 0 0 0 0 0 0 1 0 0 0 1 0 0 1 0 0 0 0 1 0 0 1 1 1 1 1
 0 0 1 0 1 1 0 1 1 1 0 1 0 0 0 1 1 1 0 1 0 1 1 0 0 0 1 0 0 0 0 0 0 0 1 1 0
 1 0 0 0 0 0 1 1 1 1 1 1 0 0 1 1 1 1 1 1 1 1 0 1 1 1 1 1 1 0 0 0 1 0 1 1 1
 1 1 1 1 1 1 1 0 1 0 1 0 1 1 1 1 1 1 1 1 1 1 1 1 1 0 0 0 0 0 0 0 0 0 0 0 0
 1 1 1 0 0 1 0 1 1 1 1 1 0 1 1 0 1 0 1 1 1 1 1 1 1 0 1 1 1 1 1 1 0 1 1 0 1
 1 0 1 0 0 1 0 1 1 0 1 1 0 1 0 0 1 1 1 0 1 1 0 1 0 0 0 1 0 0 0 1 1 1 1 0 1
 1 0 1 1 1 1 1 1 1 1 1 1 0 0 1 0 1 1 1 0 0 1 0 0 0 0 1 0 1 0 0 0 1 0 1 1 0
 1 0 0 0 0 1 1 1 1 1 1 0 0 0 0 0 1 1 1 1 1 0 0 1 0 1 0 1 1 0 1 1 0 1 1 0 0
 1 1 1 1 1 1 1 1 0 0 1 0 0 1 0 0 0 0 1 0 1 1 1 0 1 0 0 0 0 0 0 0 0 0 1 1 1
 1 1 1 1 1 0 1 0 0 1 0 1 0 1 1 0 0 1 1 0 0 0 1 0 1 1 0 0 0 0 0 0 0 0 0 0 0
 0 0 0 0 0 0 0 0 1 1 1 0 1 0 0 0 1 0 0 0 1 0 0 0 1 0 0 1 0 1 0 1 1 0 1 0 0
 0 0 0 0 0 1 0 0 0 0 1 0 1 0 0 0 1 1 0 0 0 0 0 0 1 0 0 0 1 0 1 0 0 0 0 1 0
 0 0 0 0 0 0 0 1 0 1 0 1 0 0 0 0 0 0 1 1 0 0 0 0 1 0 0 0 0 1 1 1 1 0 1 0 0
 1 1 1 1 1 1 1 1 1 0 1 1 1 1 0 0 0 0 0 0 0 1 0 0 1 0 1 1 1 1 0 0 1 1 0 0 1
 1 1 1 1 1 0 1 0 1 1 1 0 0 0 1 1 1 1 0 1 0 1 0 0 0 1 1 1 1 1 1 0 0 0 1 0 1
 1 0 1 0 0 1 1 0 0 0 0 1 1 0 0 0 0 1 0 0 0 0 1 0 0 0 1 1 0 1 1 0 0 1 1 0 1
 0 0 0 0 1 0 0 0 0 0 1 0 0 0 0 0 0 0 0 0 0 1 1 0 0 0 0 0 0 1 0 1]",0.49319213313161875,0.5869297163995069,0.723404255319149,0.49377593360995853,0.49162011173184356,99.12254160363086,0.7402951168532863,0.49269802267090107,20.0
3,chbmit,03,prediction,"LogisticRegression(class_weight='balanced', max_iter=1200)","[[ 15 143]
 [243 223]]","[1 1 1 1 1 1 1 1 1 1 1 1 1 0 1 1 1 1 1 1 1 1 0 1 1 1 0 0 1 1 0 1 0 1 1 1 1
 1 1 0 1 1 0 1 1 1 1 1 0 1 1 1 1 1 1 1 1 1 0 1 1 1 1 1 1 1 1 1 1 1 1 1 1 1
 1 1 1 1 1 1 1 1 1 1 1 1 1 1 1 1 1 1 1 1 1 1 1 1 1 1 0 1 1 1 1 1 1 1 1 1 1
 1 1 1 0 0 0 1 1 1 1 1 1 1 1 1 1 1 1 1 1 1 1 1 1 1 1 1 1 1 1 1 1 1 1 1 0 1
 1 1 1 1 1 1 1 1 1 1 0 1 1 1 0 1 1 1 1 0 1 1 1 0 0 0 1 1 1 1 1 1 1 1 0 1 1
 1 0 1 1 1 1 1 1 0 1 1 1 1 1 1 0 1 0 0 0 1 1 1 1 1 1 1 1 1 0 1 1 1 1 1 1 1
 1 1 0 1 0 1 1 1 1 1 1 0 1 1 0 0 1 0 0 1 1 1 1 0 0 1 0 0 1 1 0 0 1 1 1 1 0
 1 1 0 0 1 1 1 1 1 0 0 1 0 1 1 0 1 1 1 1 1 1 0 1 1 1 1 0 0 1 1 0 1 1 0 1 1
 1 1 0 1 1 1 1 1 1 0 1 0 0 1 0 1 0 1 1 1 1 1 1 1 0 1 0 0 0 1 1 1 1 1 1 1 0
 0 1 0 0 1 1 1 1 1 1 1 1 0 1 1 1 1 1 0 1 0 1 1 1 1 1 1 1 1 1 1 1 0 0 1 1 1
 1 1 0 1 1 1 1 1 1 0 1 1 1 1 0 0 1 1 1 0 1 1 1 1 1 1 1 1 1 0 0 1 1 0 0 0 0
 0 0 0 1 0 1 0 0 1 0 0 0 0 1 1 0 0 1 0 0 0 0 0 0 1 0 1 1 1 0 0 0 0 0 1 0 0
 1 0 0 1 1 0 0 1 0 0 0 0 0 1 0 0 1 1 0 0 0 0 0 0 0 0 1 0 0 1 0 0 0 0 0 0 0
 0 0 0 0 0 0 0 0 0 0 0 0 0 0 0 0 0 1 0 1 1 0 0 0 0 0 0 1 0 0 0 1 1 0 1 0 0
 0 0 0 0 1 0 0 0 0 1 0 0 0 0 0 0 0 0 0 0 0 0 1 0 0 0 0 0 1 1 0 1 0 0 0 0 0
 0 0 0 0 0 0 0 0 0 0 0 0 1 0 0 0 0 0 1 0 0 0 0 0 1 0 0 0 0 0 0 0 0 0 0 0 0
 0 0 1 0 0 0 0 0 1 0 0 0 0 1 1 1 0 0 0 0 0 0 0 1 0 0 0 0 1 0 0 0]",0.3814102564102564,0.5360576923076924,0.6092896174863388,0.47854077253218885,0.0949367088607595,165.0,0.6127456604568109,0.28673874069647415,20.0
4,chbmit,24,prediction,"LogisticRegression(class_weight='balanced', max_iter=1200)","[[333 587]
 [357 606]]",[0 0 0 ... 1 1 1],0.498672331386086,0.562152133580705,0.5079631181894384,0.6292834890965732,0.36195652173913045,224.45034519383964,0.5200395460000327,0.4956200054178518,20.0
5,chbmit,06,prediction,"LogisticRegression(class_weight='balanced', max_iter=1200)","[[1299 1417]
 [  97  385]]",[1 1 1 ... 1 1 0],0.5265791119449656,0.3371278458844133,0.21365149833518313,0.7987551867219918,0.47827687776141387,319.0243902439025,0.2975655974116753,0.6385160322417027,20.0
6,chbmit,14,prediction,"LogisticRegression(class_weight='balanced', max_iter=1200)","[[ 11 482]
 [ 79 491]]",[1 1 1 ... 1 1 1],0.4722483537158984,0.6364225534672716,0.5046248715313464,0.8614035087719298,0.02231237322515213,326.4722483537159,0.46947405816388676,0.4418579409985409,20.0
7,chbmit,18,prediction,"LogisticRegression(class_weight='balanced', max_iter=1200)","[[ 13  66]
 [  3 238]]","[1 1 1 1 1 1 1 0 0 0 0 1 1 1 1 1 0 1 1 1 1 0 0 1 1 1 0 0 1 1 1 1 1 1 0 1 0
 1 0 1 1 1 1 1 1 1 1 1 1 1 1 1 1 0 1 1 1 1 1 1 1 1 1 1 1 1 1 1 1 1 1 1 1 1
 1 1 1 1 1 1 1 1 1 1 1 1 1 1 1 1 1 1 1 1 1 1 1 1 1 1 1 1 1 1 1 1 1 1 1 1 1
 1 1 1 1 1 1 1 1 1 1 1 1 1 1 1 1 1 1 1 1 1 1 1 1 1 1 1 1 1 1 1 1 1 1 1 1 1
 1 1 1 1 1 1 1 1 1 1 1 1 1 0 1 1 1 1 1 1 1 1 1 1 1 1 1 1 1 1 1 1 1 1 1 1 1
 1 1 1 1 1 1 1 1 1 1 1 1 1 1 1 1 1 1 1 1 1 1 1 1 1 1 1 1 1 1 1 1 1 1 1 1 1
 1 1 1 1 1 1 1 1 1 1 1 0 1 1 1 1 1 1 1 1 1 1 1 1 1 1 1 1 1 1 1 1 1 1 1 0 1
 1 1 1 1 1 1 1 1 1 1 1 1 1 1 1 1 1 1 1 1 1 1 1 1 1 1 1 1 1 1 1 1 1 1 1 1 1
 1 1 1 1 1 1 1 1 1 1 1 1 1 1 1 1 1 1 1 1 1 1 1 1]",0.784375,0.8733944954128441,0.7828947368421053,0.9875518672199171,0.16455696202531644,148.5,0.7714577640148482,0.5760544146226168,20.0
8,chbmit,10,prediction,"LogisticRegression(class_weight='balanced', max_iter=1200)","[[ 202 1005]
 [ 194  686]]",[0 0 1 ... 0 1 1],0.42549113560134166,0.5336444963049397,0.4056771141336487,0.7795454545454545,0.16735708367854185,346.71777671298514,0.365279162593321,0.4734512691119982,20.0
0,siena,06,prediction,"LogisticRegression(class_weight='balanced', max_iter=1200)","[[1022  401]
 [ 222  260]]",[0 0 0 ... 1 1 0],0.6729658792650919,0.45494313210848647,0.39334341906202724,0.5394190871369294,0.7182009838369642,151.55905511811022,0.3875059277006565,0.6288100354869468,20.0
1,siena,10,prediction,"LogisticRegression(class_weight='balanced', max_iter=1200)","[[1330  168]
 [ 685   38]]",[0 0 0 ... 0 0 0],0.6159387663214768,0.08180839612486544,0.18446601941747573,0.05255878284923928,0.8878504672897196,54.46195407474111,0.2766318396101633,0.47020462506947946,20.0
0,chbmit,05,prediction,"LogisticRegression(class_weight='balanced', max_iter=1200)","[[ 35  14]
 [154 147]]","[0 0 1 0 0 1 0 0 1 0 0 1 0 0 1 0 1 0 0 1 0 0 1 1 0 0 1 0 0 1 0 0 0 0 0 0 0
 0 0 0 0 1 1 0 0 1 0 0 0 0 0 1 1 1 0 1 0 0 0 0 0 1 0 0 0 1 0 0 0 0 1 1 1 0
 1 1 1 0 0 0 0 1 0 0 0 0 0 1 1 0 0 0 1 0 0 0 0 0 0 1 1 1 1 0 0 1 0 1 1 1 1
 0 0 1 0 0 0 0 0 0 0 0 1 0 1 0 0 0 0 0 0 0 0 1 0 0 0 0 0 0 0 0 1 0 0 0 1 0
 0 0 1 0 1 1 0 0 1 0 1 0 1 0 1 0 0 1 0 0 1 0 1 0 0 0 0 0 1 0 1 1 0 1 1 1 0
 1 0 1 1 1 1 0 0 1 1 1 1 0 1 1 1 0 1 0 0 0 1 1 0 1 0 1 1 0 1 1 1 1 1 1 1 0
 1 1 1 0 0 0 1 1 0 0 0 1 1 1 1 1 1 1 1 1 1 0 1 1 1 1 0 1 0 0 1 1 1 1 0 0 1
 0 1 0 1 0 0 1 0 1 0 0 1 0 0 0 1 0 0 0 0 0 0 0 0 0 0 1 1 1 0 1 0 0 1 1 1 1
 0 1 1 1 1 1 0 1 1 1 1 1 1 0 0 1 0 1 1 1 0 0 0 0 0 0 1 1 1 0 1 0 0 1 0 1 1
 1 1 1 0 1 0 1 1 1 1 1 1 1 0 1 1 1]",0.52,0.6363636363636364,0.9130434782608695,0.4883720930232558,0.7142857142857143,28.8,0.9177753050052755,0.6013289036544851,25.0
1,chbmit,06,prediction,"LogisticRegression(class_weight='balanced', max_iter=1200)","[[1246 1350]
 [  84  518]]",[1 1 1 ... 1 1 0],0.551594746716698,0.4194331983805668,0.2773019271948608,0.8604651162790697,0.47996918335901384,303.93996247654786,0.38002322885937245,0.6702171498190418,25.0
2,chbmit,10,prediction,"LogisticRegression(class_weight='balanced', max_iter=1200)","[[149 878]
 [263 797]]",[0 1 1 ... 0 1 1],0.45328222328701484,0.5828153564899452,0.47582089552238804,0.7518867924528302,0.1450827653359299,302.9036895064686,0.4432340392328671,0.44848477889438004,25.0
3,chbmit,08,prediction,"LogisticRegression(class_weight='balanced', max_iter=1200)","[[ 27  36]
 [344 254]]","[1 0 0 1 0 1 0 0 1 0 1 1 1 1 1 1 0 1 1 1 0 1 0 1 1 0 0 1 1 1 0 1 0 1 1 0 0
 0 0 1 0 1 1 1 0 1 1 0 0 0 0 0 1 1 1 1 1 1 1 0 0 0 1 1 1 1 1 1 0 0 1 1 1 1
 0 0 0 0 0 1 0 1 1 0 1 1 0 0 0 1 1 1 0 1 0 0 1 0 0 0 1 0 0 1 0 1 0 1 1 0 0
 1 1 0 0 1 0 1 1 1 0 1 1 0 0 1 1 1 1 1 1 1 1 1 1 0 1 1 1 0 0 0 0 1 0 0 1 0
 0 0 0 0 1 1 1 0 1 0 1 0 0 1 0 0 0 0 0 1 1 1 1 1 0 0 0 1 0 0 0 0 0 0 0 1 1
 1 1 0 0 0 0 0 1 0 1 0 1 1 0 1 0 0 0 0 1 1 1 1 1 1 0 0 1 1 0 1 1 0 1 0 1 1
 1 0 0 0 0 0 0 1 0 0 0 0 0 1 0 0 1 1 1 0 0 0 0 1 0 0 0 1 1 0 0 0 0 1 1 0 0
 0 0 1 0 0 0 0 0 0 0 0 0 0 0 0 0 0 0 0 0 0 0 0 0 1 1 0 0 0 0 0 0 0 0 0 0 1
 1 0 0 1 0 1 0 0 0 0 1 0 0 0 0 0 1 1 1 1 1 0 0 0 0 0 1 1 0 1 1 0 0 0 1 0 1
 0 0 0 0 0 0 0 0 1 1 1 0 0 0 0 0 0 0 1 1 0 0 0 0 1 0 1 1 1 0 0 1 0 0 0 1 0
 0 1 1 1 0 0 1 0 0 0 0 0 0 0 0 0 0 1 1 0 0 1 1 0 0 1 1 1 0 0 0 0 0 0 0 0 0
 0 0 0 0 0 0 0 0 0 1 1 1 1 1 0 1 1 0 0 0 1 1 0 0 1 0 0 1 0 0 1 1 1 0 0 0 0
 0 0 0 0 0 1 0 0 0 0 1 0 0 0 0 0 1 1 0 0 0 0 1 1 1 1 1 1 1 0 1 0 1 0 0 0 1
 1 1 1 1 0 0 0 0 1 0 1 1 0 0 1 1 0 0 1 1 0 0 1 1 1 0 0 1 0 0 1 0 1 0 1 0 1
 1 1 0 1 1 1 1 1 0 0 1 0 0 1 0 0 0 0 0 0 0 0 1 0 1 1 1 1 1 1 0 1 1 1 1 0 1
 1 0 1 1 1 0 1 1 0 1 0 1 0 0 1 0 1 0 0 1 0 1 0 0 0 0 0 1 0 0 0 1 0 1 1 0 1
 1 0 0 0 0 1 0 0 1 1 0 1 1 0 1 0 0 1 0 1 0 0 1 1 0 0 1 1 1 0 1 1 1 1 1 1 1
 0 0 0 0 1 0 0 1 1 0 0 1 1 1 0 0 0 1 1 1 1 1 0 0 0 0 1 1 0 1 0 1]",0.42511346444780634,0.5720720720720721,0.8758620689655172,0.42474916387959866,0.42857142857142855,39.213313161875945,0.8860354759946301,0.4266602962255136,25.0
4,chbmit,24,prediction,"LogisticRegression(class_weight='balanced', max_iter=1200)","[[257 456]
 [153 749]]",[0 0 0 ... 1 1 1],0.6229102167182663,0.7109634551495015,0.6215767634854772,0.8303769401330376,0.36044880785413747,203.29411764705884,0.6377012843703964,0.5954128739935876,25.0
0,siena,06,prediction,"LogisticRegression(class_weight='balanced', max_iter=1200)","[[955 348]
 [272 330]]",[0 0 0 ... 1 1 0],0.6745406824146981,0.515625,0.48672566371681414,0.5481727574750831,0.7329240214888718,131.5275590551181,0.48014744150657807,0.6405483894819775,25.0
1,siena,10,prediction,"LogisticRegression(class_weight='balanced', max_iter=1200)","[[1123  195]
 [ 830   73]]",[1 0 0 ... 0 0 0],0.5384961728950923,0.1246797608881298,0.27238805970149255,0.08084163898117387,0.8520485584218513,63.21476812246736,0.3570850102093531,0.46644509870151263,25.0
0,chbmit,08,prediction,"LogisticRegression(class_weight='balanced', max_iter=1200)","[[  1   2]
 [353 305]]","[1 1 0 0 0 1 0 1 1 1 1 1 1 1 1 1 1 1 1 1 1 1 1 1 1 1 0 1 0 1 0 0 1 0 1 1 1
 1 1 1 1 1 1 1 1 1 1 1 0 1 0 1 1 1 1 1 1 1 1 1 1 0 1 1 1 1 1 1 1 1 1 1 1 0
 0 0 1 1 1 1 0 1 1 1 0 1 1 0 0 1 1 1 1 1 1 1 1 0 0 1 1 1 1 0 1 1 1 1 1 1 0
 1 1 1 0 1 1 0 0 0 0 1 0 0 0 1 0 1 1 1 1 1 1 1 1 0 1 1 1 1 1 0 1 1 0 1 0 1
 0 1 1 0 1 1 1 1 1 0 0 1 0 0 0 1 1 1 1 1 1 1 1 1 0 0 0 0 0 0 0 0 0 0 1 0 1
 1 1 1 0 0 1 1 1 1 1 1 1 1 1 0 0 1 1 1 1 1 1 1 1 1 0 0 1 1 0 1 0 1 1 1 1 0
 0 1 0 0 0 0 1 0 1 0 0 0 0 0 0 0 1 1 0 1 0 0 1 1 1 0 0 0 0 0 0 0 0 0 0 1 0
 0 1 1 0 0 0 0 0 0 0 0 0 0 0 0 0 1 0 0 0 0 0 0 1 0 0 1 1 1 0 1 0 1 1 0 0 1
 1 0 0 1 1 1 0 0 0 0 1 1 1 1 1 1 1 1 1 0 1 0 0 0 0 0 0 0 0 0 1 0 0 0 0 1 1
 0 0 0 0 1 0 0 0 0 0 0 0 1 1 0 0 0 0 1 1 1 0 1 0 1 1 0 1 0 0 1 1 0 0 0 0 1
 0 0 0 0 0 0 1 0 0 1 1 0 0 0 0 0 0 1 0 1 0 0 0 0 0 0 0 0 0 0 0 0 1 0 0 0 1
 0 0 0 0 0 0 0 0 0 0 0 1 1 0 1 0 1 0 1 0 1 1 0 0 0 0 0 1 1 0 0 0 0 0 0 0 0
 0 1 0 0 0 0 0 0 0 0 0 1 1 1 1 1 1 1 0 0 0 0 1 1 1 1 0 1 0 0 1 0 1 1 1 1 1
 0 0 1 0 1 0 1 0 1 0 1 0 0 0 0 0 0 0 1 0 0 0 0 0 1 0 0 0 0 0 0 0 0 0 0 0 1
 0 0 0 0 1 0 0 0 0 0 1 0 0 0 0 0 0 0 0 0 0 0 0 0 1 1 0 1 0 0 0 0 0 1 0 0 0
 1 0 0 0 1 0 0 1 1 0 0 0 0 1 0 0 1 0 0 1 0 1 1 1 1 1 1 1 1 1 1 1 0 0 1 0 1
 1 0 0 0 0 0 0 0 0 1 0 0 0 0 0 0 0 1 0 1 0 0 0 1 0 0 1 1 1 1 1 1 1 1 1 1 1
 0 0 0 0 1 0 0 0 1 0 0 0 0 0 0 0 0 0 1 1 1 0 0 0 0 1 1 1 1 1 1 1]",0.4629349470499244,0.6321243523316062,0.993485342019544,0.4635258358662614,0.3333333333333333,2.178517397881997,0.9956087215114562,0.3984295845997974,30.0
1,chbmit,10,prediction,"LogisticRegression(class_weight='balanced', max_iter=1200)","[[ 82 641]
 [197 682]]",[1 0 1 ... 1 1 1],0.4769038701622971,0.6194368755676658,0.5154950869236583,0.7758816837315131,0.11341632088520055,288.08988764044943,0.5072404984346736,0.44464900230835686,30.0
2,chbmit,06,prediction,"LogisticRegression(class_weight='balanced', max_iter=1200)","[[1216 1260]
 [  92  630]]",[1 1 1 ... 1 1 0],0.5772357723577236,0.4823889739663093,0.3333333333333333,0.8725761772853186,0.4911147011308562,283.67729831144464,0.4145514097738987,0.6818454392080874,30.0
3,chbmit,24,prediction,"LogisticRegression(class_weight='balanced', max_iter=1200)","[[192 341]
 [169 913]]",[1 0 0 ... 1 1 1],0.6842105263157895,0.7816780821917808,0.7280701754385965,0.8438077634011091,0.3602251407129456,152.0247678018576,0.7613759937452207,0.6020164520570274,30.0
0,siena,06,prediction,"LogisticRegression(class_weight='balanced', max_iter=1200)","[[882 301]
 [306 416]]",[0 0 1 ... 1 1 0],0.6813648293963255,0.5781792911744267,0.5801952580195258,0.5761772853185596,0.7455621301775148,113.76377952755905,0.5637932464447347,0.6608697077480372,30.0
1,siena,10,prediction,"LogisticRegression(class_weight='balanced', max_iter=1200)","[[1008  149]
 [ 956  108]]",[1 0 0 ... 0 0 0],0.5024763619990995,0.16351249053747158,0.42023346303501946,0.10150375939849623,0.8712186689714779,48.30256641152634,0.4576501334971974,0.48636121418498707,30.0
0,chbmit,06,prediction,"LogisticRegression(class_weight='balanced', max_iter=1200)","[[1183 1173]
 [  77  765]]",[1 1 1 ... 0 1 1],0.6091307066916823,0.5503597122302157,0.39473684210526316,0.9085510688836105,0.5021222410865874,264.09005628517826,0.4895245904755463,0.705336654985099,35.0
1,chbmit,10,prediction,"LogisticRegression(class_weight='balanced', max_iter=1200)","[[ 43 560]
 [106 893]]",[1 0 0 ... 1 1 1],0.5842696629213483,0.7283849918433931,0.6145905024088094,0.8938938938938938,0.07131011608623548,251.68539325842696,0.5953667486084808,0.48260200499006467,35.0
2,chbmit,24,prediction,"LogisticRegression(class_weight='balanced', max_iter=1200)","[[ 149  204]
 [ 210 1052]]",[0 0 0 ... 1 1 1],0.7436532507739938,0.835583796664019,0.8375796178343949,0.8335974643423137,0.42209631728045327,90.94736842105264,0.8885552205728284,0.6278468908113835,35.0
0,siena,06,prediction,"LogisticRegression(class_weight='balanced', max_iter=1200)","[[826 237]
 [367 475]]",[0 0 0 ... 1 1 1],0.6829396325459317,0.6113256113256114,0.6671348314606742,0.5641330166270784,0.7770460959548448,89.5748031496063,0.654147635102007,0.6705895562909616,35.0
1,siena,10,prediction,"LogisticRegression(class_weight='balanced', max_iter=1200)","[[ 887  150]
 [1066  118]]",[1 0 0 ... 0 0 0],0.4524988743809095,0.162534435261708,0.44029850746268656,0.09966216216216216,0.8553519768563163,48.62674470959028,0.5044778335488499,0.47750706950923916,35.0
0,chbmit,06,prediction,"LogisticRegression(class_weight='balanced', max_iter=1200)","[[1145 1091]
 [ 104  858]]",[1 1 1 ... 1 1 1],0.6263289555972483,0.5894881484026108,0.4402257567983581,0.8918918918918919,0.5120751341681574,245.62851782363978,0.5265613380620111,0.7019835130300247,40.0
1,chbmit,24,prediction,"LogisticRegression(class_weight='balanced', max_iter=1200)","[[  90  123]
 [ 144 1258]]",[0 0 0 ... 1 1 1],0.8346749226006192,0.9040603665109594,0.9109341057204924,0.8972895863052782,0.4225352112676056,54.835913312693506,0.948904551333036,0.6599123987864419,40.0
2,chbmit,10,prediction,"LogisticRegression(class_weight='balanced', max_iter=1200)","[[   8  475]
 [  44 1075]]",[1 1 1 ... 1 1 1],0.6760299625468165,0.805545147995504,0.6935483870967742,0.9606791778373548,0.016563146997929608,213.48314606741573,0.6793836375662254,0.4886211624176422,40.0
0,siena,06,prediction,"LogisticRegression(class_weight='balanced', max_iter=1200)","[[805 138]
 [420 542]]",[1 0 1 ... 1 1 1],0.7070866141732284,0.6601705237515226,0.7970588235294118,0.5634095634095634,0.8536585365853658,52.15748031496063,0.7817853189229138,0.7085340499974647,40.0
1,siena,10,prediction,"LogisticRegression(class_weight='balanced', max_iter=1200)","[[ 781  187]
 [1083  170]]",[1 0 0 ... 0 0 0],0.4281855020261144,0.2111801242236025,0.47619047619047616,0.13567438148443736,0.8068181818181818,60.62134173795588,0.5239464529368019,0.47124628165130966,40.0
0,chbmit,06,prediction,"LogisticRegression(class_weight='balanced', max_iter=1200)","[[1075 1041]
 [ 138  944]]",[1 1 1 ... 1 1 0],0.6313320825515948,0.6155852624714705,0.4755667506297229,0.8724584103512015,0.5080340264650284,234.37148217636025,0.5366329097957174,0.690246218408115,45.0
1,chbmit,10,prediction,"LogisticRegression(class_weight='balanced', max_iter=1200)","[[  8 255]
 [ 56 642]]","[1 1 1 1 1 1 1 1 1 1 1 1 1 1 1 1 1 1 1 1 1 1 1 1 1 1 1 1 0 1 1 1 1 1 1 1 1
 1 1 1 1 1 1 1 1 1 1 1 1 1 1 1 1 1 1 1 1 1 1 1 1 1 1 1 1 1 0 1 1 1 1 1 1 1
 1 1 1 1 1 1 1 1 1 1 0 1 1 1 1 1 1 1 1 1 1 1 1 1 1 1 1 1 1 1 1 0 1 1 1 1 1
 1 1 1 1 1 1 1 1 1 1 1 1 1 1 1 1 1 1 1 1 1 1 1 1 1 1 1 1 1 1 1 1 1 1 1 1 1
 1 1 1 1 1 1 1 1 1 1 1 1 1 1 1 1 1 1 1 1 1 1 1 1 1 1 1 1 1 1 1 1 1 1 1 1 1
 1 1 1 1 1 1 1 1 1 1 1 1 1 1 1 1 1 1 1 1 1 1 1 1 1 1 1 1 1 1 0 1 0 1 1 1 1
 1 1 1 1 1 1 1 1 1 1 1 1 1 1 1 1 1 1 1 1 1 1 1 1 1 1 1 1 1 0 1 1 1 1 1 1 1
 1 1 1 0 1 1 1 1 1 1 1 1 1 1 1 1 1 1 1 1 1 1 1 1 1 1 1 1 1 1 1 1 1 1 1 1 1
 1 1 1 1 1 1 1 1 1 1 1 1 1 1 1 1 0 1 1 1 1 1 1 1 1 1 1 1 1 1 1 1 1 1 1 1 1
 1 1 1 1 1 1 1 1 1 1 1 1 1 1 1 1 1 1 1 1 1 1 1 1 1 1 1 1 1 1 1 1 1 1 1 1 1
 1 1 1 1 1 1 1 1 1 1 1 1 1 1 1 1 1 1 1 1 1 1 1 1 1 1 1 1 1 1 0 0 1 1 1 1 1
 1 1 1 1 1 0 1 1 1 1 1 1 1 1 1 1 1 1 1 1 1 1 1 1 1 1 1 1 1 1 1 1 0 1 1 1 1
 1 1 1 1 1 1 1 1 1 1 0 1 1 0 0 1 1 1 1 1 1 1 1 1 1 1 1 1 1 1 1 0 1 1 1 1 1
 1 1 0 1 1 1 1 1 1 1 1 1 1 1 0 1 1 0 0 1 0 0 1 0 1 1 1 1 1 0 1 1 1 1 0 0 1
 1 1 0 1 1 1 1 1 1 1 1 1 1 1 1 1 1 1 1 1 1 1 1 1 1 1 1 1 1 0 1 1 1 1 1 1 1
 1 1 1 1 1 1 1 1 1 1 1 1 1 1 1 1 0 1 1 1 1 1 1 1 1 1 1 0 1 1 1 1 1 1 1 1 1
 1 1 1 1 1 1 1 1 1 0 1 1 1 1 1 1 1 1 1 1 1 1 1 1 1 0 1 1 1 1 1 1 1 1 1 1 1
 1 1 1 1 1 1 1 1 1 1 1 1 1 1 0 1 1 1 1 1 1 1 1 1 1 1 1 1 0 1 1 1 1 1 1 1 1
 1 1 1 1 1 0 1 0 1 1 1 1 1 1 1 1 1 1 1 1 1 1 1 1 1 0 1 1 1 1 1 1 1 0 1 1 1
 1 1 1 1 1 1 1 1 1 1 1 1 1 0 1 1 1 1 0 1 0 1 1 1 1 1 1 1 1 1 1 1 1 1 1 1 1
 1 1 1 1 1 1 1 1 1 1 1 1 1 1 1 1 1 1 1 0 1 1 1 1 1 0 1 0 1 1 1 1 1 1 1 1 0
 1 1 1 1 1 1 1 0 0 1 1 1 1 1 1 1 1 0 1 1 1 1 1 1 1 1 1 1 1 1 1 1 1 1 0 1 1
 1 1 1 1 1 1 1 1 1 1 1 1 1 1 1 1 1 1 1 1 1 1 1 1 1 1 0 1 1 1 1 1 1 1 1 1 0
 1 0 1 0 1 1 0 1 1 1 1 1 0 1 1 1 1 1 0 1 1 1 1 1 1 1 1 1 0 1 1 1 1 1 1 0 1
 1 1 1 0 1 1 1 1 1 1 1 1 0 1 1 1 1 1 1 1 1 0 1 1 1 1 1 1 1 1 1 1 1 1 1 1 1
 1 1 1 1 1 1 1 1 1 1 1 1 1 1 1 1 1 1 1 1 1 0 1 0 1 1 1 1 1 1 1 1 1 1 1 1]",0.676378772112383,0.8050156739811911,0.7157190635451505,0.9197707736389685,0.030418250950570342,191.05098855359003,0.6541120959524132,0.47509451229476946,45.0
2,chbmit,24,prediction,"LogisticRegression(class_weight='balanced', max_iter=1200)","[[  1  42]
 [  1 980]]",[0 1 1 ... 1 1 1],0.9580078125,0.9785322016974538,0.958904109589041,0.9989806320081549,0.023255813953488372,29.53125,0.9893441206941574,0.5111182229808217,45.0
0,siena,06,prediction,"LogisticRegression(class_weight='balanced', max_iter=1200)","[[643 180]
 [466 616]]",[1 0 0 ... 1 0 1],0.6608923884514436,0.6560170394036208,0.7738693467336684,0.5693160813308688,0.7812879708383961,68.03149606299212,0.8099527007705535,0.6753020260846325,45.0
1,siena,10,prediction,"LogisticRegression(class_weight='balanced', max_iter=1200)","[[ 777  131]
 [1156  157]]",[1 0 0 ... 0 0 0],0.4205312922107159,0.1961274203622736,0.5451388888888888,0.11957349581111958,0.8557268722466961,42.467357046375504,0.5749768427108628,0.4876501840289078,45.0
0,chbmit,10,prediction,"LogisticRegression(class_weight='balanced', max_iter=1200)","[[  5 198]
 [ 61 697]]","[1 1 1 1 1 1 1 1 1 1 1 1 1 1 1 1 1 1 1 1 1 1 1 1 1 1 1 1 0 1 1 1 1 1 1 1 1
 1 1 1 1 1 1 1 1 1 1 0 1 1 1 1 1 1 1 1 1 1 1 1 1 1 1 1 1 1 0 1 1 1 1 1 1 1
 1 1 1 1 1 1 1 1 1 1 0 1 1 1 1 1 1 1 1 1 1 1 1 1 1 1 1 1 1 1 1 1 1 1 1 1 1
 1 1 1 1 1 1 1 1 1 1 1 1 1 1 1 1 1 1 1 1 1 1 1 1 1 1 1 1 1 1 1 1 1 1 1 1 1
 1 1 1 1 1 1 1 1 1 1 1 1 1 1 1 1 1 1 1 1 1 1 1 1 1 1 1 1 1 1 1 1 1 1 1 1 1
 1 1 1 1 1 1 1 1 1 1 1 1 1 1 1 1 1 0 1 1 1 1 1 1 1 1 1 1 1 1 0 1 0 1 1 1 1
 1 1 1 1 1 1 1 1 1 1 1 1 1 1 1 1 1 1 1 1 1 1 1 1 1 1 1 1 1 0 1 1 1 1 1 1 1
 1 1 1 1 1 1 1 1 1 1 1 1 1 1 1 1 1 1 1 1 1 1 1 1 1 1 1 1 1 0 1 1 1 1 1 1 1
 1 1 1 1 1 1 1 1 1 1 1 1 1 1 1 1 0 1 1 1 1 1 1 1 1 1 1 1 1 1 1 1 1 1 1 1 1
 1 1 1 1 1 1 1 1 1 1 1 1 1 1 1 1 1 1 1 1 1 1 1 1 1 1 1 1 1 1 1 1 1 1 1 1 1
 1 1 1 1 1 1 1 1 1 1 1 1 1 1 1 1 1 1 1 1 1 1 1 1 1 1 1 1 1 1 0 1 1 1 1 1 1
 1 1 1 1 1 0 1 1 1 1 1 1 1 1 1 1 1 1 1 1 1 1 1 1 1 1 1 1 1 1 1 1 0 1 1 1 1
 1 1 1 1 1 1 1 1 1 1 0 1 1 1 1 1 1 1 1 1 1 1 1 1 1 1 1 1 1 1 1 1 0 1 1 1 1
 1 1 0 0 1 1 1 1 1 1 0 1 1 1 0 1 0 1 0 1 0 0 1 0 1 1 0 1 0 0 1 1 1 1 0 0 1
 0 1 0 1 1 1 1 1 1 0 1 1 0 1 1 1 1 1 1 1 1 1 1 1 1 1 1 1 1 0 1 0 0 1 1 1 1
 1 1 1 1 0 1 1 1 0 1 1 1 1 1 1 1 1 1 1 1 1 1 1 1 1 1 1 0 1 1 1 1 1 1 1 1 1
 1 1 1 1 1 1 1 1 1 0 1 1 0 0 1 1 1 1 1 1 1 1 1 1 1 0 1 1 1 1 1 1 1 1 1 1 1
 1 1 1 1 1 1 1 1 1 1 1 1 1 1 1 1 1 1 1 1 1 1 1 1 0 1 1 1 1 1 1 1 1 1 1 1 1
 1 1 1 1 1 0 1 0 1 1 1 1 1 1 1 1 1 1 1 1 1 1 1 1 1 0 1 0 1 1 1 1 1 0 1 1 1
 1 1 1 1 1 1 1 1 1 1 1 1 1 0 1 1 1 1 0 1 1 1 1 1 1 1 1 1 1 1 1 1 1 1 1 1 1
 1 1 1 1 1 1 1 1 1 1 1 1 1 1 1 1 1 1 1 0 1 1 1 1 1 1 1 1 1 1 1 1 1 1 1 1 1
 1 1 1 1 1 1 1 1 1 1 1 0 1 1 1 0 0 0 1 1 1 1 1 1 1 1 1 1 1 1 1 1 1 1 0 1 1
 1 1 1 1 1 1 1 1 1 1 1 1 0 1 1 1 1 1 1 1 1 1 1 1 1 1 0 1 1 1 1 1 1 1 1 1 0
 1 1 1 1 1 1 1 1 1 1 1 1 0 1 1 1 1 1 0 1 1 1 1 1 1 1 1 1 1 1 1 1 1 1 1 1 1
 1 1 1 0 1 1 1 1 1 1 1 1 1 1 1 1 1 1 1 1 1 0 1 0 1 1 1 1 1 1 1 1 1 1 1 1 1
 1 1 1 1 1 1 1 1 1 1 1 1 1 1 1 1 1 1 1 1 1 1 1 0 1 1 1 1 1 1 1 1 1 1 1 1]",0.7304890738813735,0.8433151845130066,0.7787709497206704,0.9195250659630607,0.024630541871921183,148.3454734651405,0.7173360465170082,0.47207780391749093,50.0
1,chbmit,06,prediction,"LogisticRegression(class_weight='balanced', max_iter=1200)","[[1017  979]
 [ 199 1003]]",[1 1 1 ... 1 1 0],0.6316447779862414,0.6300251256281407,0.5060544904137235,0.8344425956738769,0.5095190380761523,220.4127579737336,0.5562858732160323,0.6719808168750147,50.0
0,siena,06,prediction,"LogisticRegression(class_weight='balanced', max_iter=1200)","[[561 142]
 [628 574]]",[0 0 0 ... 1 1 1],0.5958005249343832,0.5985401459854015,0.8016759776536313,0.47753743760399336,0.7980085348506402,53.669291338582674,0.8052966686908802,0.6377729862273166,50.0
1,siena,10,prediction,"LogisticRegression(class_weight='balanced', max_iter=1200)","[[ 756   92]
 [1168  205]]",[1 1 0 ... 0 0 0],0.43268797838811346,0.24550898203592814,0.6902356902356902,0.14930808448652585,0.8915094339622641,29.824403421882035,0.6543384230598537,0.520408759224395,50.0
